symbol,name,isin,asset_uid,token_address,chain_id,decimals,official_status,current_multiplier,pending_multiplier,uniswap_v2_standard_pool_count,uniswap_v3_standard_pool_count,third_party_standard_quote_record_count,dexscreener_request_status,logo_url
AAOI,Applied Optoelectronics • Robinhood Token,US03823U1025,0x00000000000000000000000000000000a47bbc4c8a0b4f44a6d1aff3242b3088,0x521cf887e6531c6f667b5bc4d896e5d9bfe8eb2e,4663,18,ASSET_STATUS_ACTIVE,1.000000000000000000,,0,1,0,Error: HTTP 429,https://cdn.robinhood.com/ncw_assets/logos/0x521cf887e6531c6f667b5bc4d896e5d9bfe8eb2e.png
AAPL,Apple • Robinhood Token,US0378331005,0x00000000000000000000000000000000c2425be3658540dd8e2424cbf3c5c649,0xaf3d76f1834a1d425780943c99ea8a608f8a93f9,4663,18,ASSET_STATUS_ACTIVE,1.000566080061092436,,1,5,0,Error: HTTP 429,https://cdn.robinhood.com/ncw_assets/logos/0xaf3d76f1834a1d425780943c99ea8a608f8a93f9.png
ABCL,Abcellera Biologics • Robinhood Token,CA00288U1066,0x00000000000000000000000000000000cbe64873637849e38e848d35826726d4,0x3139d77ace0cbaa5bdfd38bd1f1911a794af0b0e,4663,18,ASSET_STATUS_ACTIVE,1.000000000000000000,,0,1,0,Error: HTTP 429,https://cdn.robinhood.com/ncw_assets/logos/0x3139d77ace0cbaa5bdfd38bd1f1911a794af0b0e.png
ADBE,Adobe • Robinhood Token,US00724F1012,0x00000000000000000000000000000000d44f85ce72274d6e867a54fa2f4009cb,0x232b8ed6377be97813853b0ac104c4cda8378d1b,4663,18,ASSET_STATUS_ACTIVE,1.000000000000000000,,0,1,0,Error: HTTP 429,https://cdn.robinhood.com/ncw_assets/logos/0x232b8ed6377be97813853b0ac104c4cda8378d1b.png
AEHR,Aehr • Robinhood Token,US00760J1088,0x000000000000000000000000000000000747a25837b6475c8da1a66b7d036988,0x5f604fba1162193a4388a5dfa56f556f3e133cc2,4663,18,ASSET_STATUS_ACTIVE,1.000000000000000000,,0,1,8,OK,https://cdn.robinhood.com/ncw_assets/logos/0x5f604fba1162193a4388a5dfa56f556f3e133cc2.png
AEIS,Advanced Energy • Robinhood Token,US0079731008,0x00000000000000000000000000000000a705ceeae1b44d8981ab86169e52891e,0xfaf9cb261b5fcc1f404bb10cd39c5c6c1974e612,4663,18,ASSET_STATUS_ACTIVE,1.000000000000000000,,0,1,0,Error: HTTP 429,https://cdn.robinhood.com/ncw_assets/logos/0xfaf9cb261b5fcc1f404bb10cd39c5c6c1974e612.png
ALAB,"Astera Labs, Inc. • Robinhood Token",US04626A1034,0x0000000000000000000000000000000069bc82da7c264394bdf6b23c8b0cd399,0x748c32c3ca24edf31ea597db1f3d330a7a6da3dc,4663,18,ASSET_STATUS_ACTIVE,1.000000000000000000,,0,1,8,OK,https://cdn.robinhood.com/ncw_assets/logos/0x748c32c3ca24edf31ea597db1f3d330a7a6da3dc.png
AMAT,Applied Materials • Robinhood Token,US0382221051,0x00000000000000000000000000000000a98d1e2ff1ea4e54a538680595585902,0x36046893810a7e7fce501229d57dc3fc8c8716d0,4663,18,ASSET_STATUS_ACTIVE,1.000000000000000000,,0,1,0,Error: HTTP 429,https://cdn.robinhood.com/ncw_assets/logos/0x36046893810a7e7fce501229d57dc3fc8c8716d0.png
AMBA,Ambarella • Robinhood Token,KYG037AX1015,0x000000000000000000000000000000009148f90c74194b4ab333453c9ddaccbf,0x99d9d8663545151603863c5acbd6fc3218899009,4663,18,ASSET_STATUS_ACTIVE,1.000000000000000000,,0,1,7,OK,https://cdn.robinhood.com/ncw_assets/logos/0x99d9d8663545151603863c5acbd6fc3218899009.png
AMC,AMC Entertainment • Robinhood Token,US00165C3025,0x00000000000000000000000000000000c40c1aabe3514588ae86defffe868021,0x05a3d1cd21d0c88145e82600e62e7e496e0f222b,4663,18,ASSET_STATUS_ACTIVE,1.000000000000000000,,0,4,0,Error: HTTP 429,https://cdn.robinhood.com/ncw_assets/logos/0x05a3d1cd21d0c88145e82600e62e7e496e0f222b.png
AMD,AMD • Robinhood Token,US0079031078,0x0000000000000000000000000000000086aeaac3c7d9422c90f6fd41aff0eaf7,0x86923f96303d656e4aa86d9d42d1e57ad2023fdc,4663,18,ASSET_STATUS_ACTIVE,1.000000000000000000,,0,3,13,OK,https://cdn.robinhood.com/ncw_assets/logos/0x86923f96303d656e4aa86d9d42d1e57ad2023fdc.png
AMKR,Amkor Technology • Robinhood Token,US0316521006,0x00000000000000000000000000000000efb0e40b668c4b92876632971560e252,0xdd356aa38f40a7b7076755ac854b6fbb1f0d305b,4663,18,ASSET_STATUS_ACTIVE,1.000000000000000000,,0,1,0,Error: HTTP 429,https://cdn.robinhood.com/ncw_assets/logos/0xdd356aa38f40a7b7076755ac854b6fbb1f0d305b.png
AMZN,Amazon • Robinhood Token,US0231351067,0x000000000000000000000000000000004f508d5e2a7042299694d85c2f362ad2,0x12f190a9f9d7d37a250758b26824b97ce941bf54,4663,18,ASSET_STATUS_ACTIVE,1.000000000000000000,,1,4,14,OK,https://cdn.robinhood.com/ncw_assets/logos/0x12f190a9f9d7d37a250758b26824b97ce941bf54.png
ANET,Arista • Robinhood Token,US0404132054,0x00000000000000000000000000000000b423c47a2fed4814a7f1c3c05e1dcb97,0x28babd556b60e53663b8615036479a29c2cdd1bf,4663,18,ASSET_STATUS_ACTIVE,1.000000000000000000,,0,2,0,Error: HTTP 429,https://cdn.robinhood.com/ncw_assets/logos/0x28babd556b60e53663b8615036479a29c2cdd1bf.png
APLD,Applied Digital • Robinhood Token,US0381692070,0x0000000000000000000000000000000004a960b45163413698f0f69b5454785d,0xb8dbf92f9741c9ac1c32115e78581f23509916fd,4663,18,ASSET_STATUS_ACTIVE,1.000000000000000000,,0,1,6,OK,https://cdn.robinhood.com/ncw_assets/logos/0xb8dbf92f9741c9ac1c32115e78581f23509916fd.png
APP,AppLovin • Robinhood Token,US03831W1080,0x00000000000000000000000000000000a27266921f864cf2aa69baad4124d11f,0xa249baf1063af884807c1e1400aef7784836917e,4663,18,ASSET_STATUS_ACTIVE,1.000000000000000000,,0,1,0,Error: HTTP 429,https://cdn.robinhood.com/ncw_assets/logos/0xa249baf1063af884807c1e1400aef7784836917e.png
ASML,ASML Holding NV • Robinhood Token,USN070592100,0x00000000000000000000000000000000f6e013126d524981acc9df053b0c19ea,0x47f93d52cbec7c6d2cfc080e154002370a60daea,4663,18,ASSET_STATUS_ACTIVE,1.000101323251417769,,0,2,0,Error: HTTP 429,https://cdn.robinhood.com/ncw_assets/logos/0x47f93d52cbec7c6d2cfc080e154002370a60daea.png
ASTS,AST SpaceMobile • Robinhood Token,US00217D1000,0x00000000000000000000000000000000778bc606b4504ca0babd4e171d5262ee,0x1af6446f07eb1d97c546afc8c9544cbdf3ad5137,4663,18,ASSET_STATUS_ACTIVE,1.000000000000000000,,0,1,8,OK,https://cdn.robinhood.com/ncw_assets/logos/0x1af6446f07eb1d97c546afc8c9544cbdf3ad5137.png
AUR,Aurora Innovation • Robinhood Token,US0517741072,0x00000000000000000000000000000000c0c36a7e53234128bcb2e369ebc065c2,0x373c06c4f7bde527d7dae4ba169e42b55e393ced,4663,18,ASSET_STATUS_ACTIVE,1.000000000000000000,,0,1,0,Error: HTTP 429,https://cdn.robinhood.com/ncw_assets/logos/0x373c06c4f7bde527d7dae4ba169e42b55e393ced.png
AVAV,AeroVironment • Robinhood Token,US0080731088,0x00000000000000000000000000000000f7eed20de20b4d05851c48313f1701b7,0xf6290b5e7c26502e2da514c31509849718ea76a5,4663,18,ASSET_STATUS_ACTIVE,1.000000000000000000,,0,1,0,Error: HTTP 429,https://cdn.robinhood.com/ncw_assets/logos/0xf6290b5e7c26502e2da514c31509849718ea76a5.png
AVGO,Broadcom • Robinhood Token,US11135F1012,0x000000000000000000000000000000001bbb45628de84cb2917abd26680c7ab9,0x156e175dd063a8ce274c50654ef40e0032b3fbcf,4663,18,ASSET_STATUS_ACTIVE,1.000000000000000000,,0,2,13,OK,https://cdn.robinhood.com/ncw_assets/logos/0x156e175dd063a8ce274c50654ef40e0032b3fbcf.png
AXON,Axon • Robinhood Token,US05464C1018,0x00000000000000000000000000000000cdf9557e169847919e821c0a7bbb4fd3,0xc27dbd474af5181c5a8777903690d8d262d12648,4663,18,ASSET_STATUS_ACTIVE,1.000000000000000000,,0,1,0,Error: HTTP 429,https://cdn.robinhood.com/ncw_assets/logos/0xc27dbd474af5181c5a8777903690d8d262d12648.png
AXTI,AXT • Robinhood Token,US00246W1036,0x000000000000000000000000000000005756ed74636b4fb7a1cb3bbdbd18eb64,0x141eea040c2250eec0314e336975e81f85f6585e,4663,18,ASSET_STATUS_ACTIVE,1.000000000000000000,,0,1,7,OK,https://cdn.robinhood.com/ncw_assets/logos/0x141eea040c2250eec0314e336975e81f85f6585e.png
BA,Boeing • Robinhood Token,US0970231058,0x0000000000000000000000000000000047129a8e0f8f4091841e4004bfa08013,0x4d21483a44bf67a86b77e3da301411880797d452,4663,18,ASSET_STATUS_ACTIVE,1.000000000000000000,,0,2,9,OK,https://cdn.robinhood.com/ncw_assets/logos/0x4d21483a44bf67a86b77e3da301411880797d452.png
BABA,Alibaba • Robinhood Token,US01609W1027,0x000000000000000000000000000000006ef9da606f504495ad7de6a7a58b87cd,0xad25ac6c84d497db898fa1e8387bf6af3532a1c4,4663,18,ASSET_STATUS_ACTIVE,1.000000000000000000,,0,3,15,OK,https://cdn.robinhood.com/ncw_assets/logos/0xad25ac6c84d497db898fa1e8387bf6af3532a1c4.png
BB,Blackberry • Robinhood Token,CA09228F1036,0x00000000000000000000000000000000551774850f194601b6cdefc8c802696d,0x48e39e56acdba37b09020c0b734a613c9a2f100a,4663,18,ASSET_STATUS_ACTIVE,1.000000000000000000,,0,2,12,OK,https://cdn.robinhood.com/ncw_assets/logos/0x48e39e56acdba37b09020c0b734a613c9a2f100a.png
BE,Bloom Energy • Robinhood Token,US0937121079,0x00000000000000000000000000000000d73a53e43ed744d4b5d42c5293ba51ad,0x822cc93ffd030293e9842c30bbd678f530701867,4663,18,ASSET_STATUS_ACTIVE,1.000000000000000000,,0,3,0,Error: HTTP 429,https://cdn.robinhood.com/ncw_assets/logos/0x822cc93ffd030293e9842c30bbd678f530701867.png
BND,Vanguard Total Bond Market ETF • Robinhood Token,US9219378356,0x000000000000000000000000000000006604af6b5c4a4031a29417ec8c2f8c53,0x2f62fc9fabb470c690f141c28340ed832bb27020,4663,18,ASSET_STATUS_ACTIVE,1.000000000000000000,,0,1,0,OK_EMPTY,https://cdn.robinhood.com/ncw_assets/logos/0x2f62fc9fabb470c690f141c28340ed832bb27020.png
BULL,Webull • Robinhood Token,KYG9572D1034,0x000000000000000000000000000000006b598b911bbf43ee8ca6be4dd7267f6d,0xcef9027c7d6985b85f0ba431125073529a947a68,4663,18,ASSET_STATUS_ACTIVE,1.000000000000000000,,0,3,26,OK,https://cdn.robinhood.com/ncw_assets/logos/0xcef9027c7d6985b85f0ba431125073529a947a68.png
CBRS,Cerebras Systems • Robinhood Token,US15675D1037,0x000000000000000000000000000000002e030d9bc86c45e2b9e02418dd312548,0x5c90450bbb4273d7b2f17cf6917aeb237a569679,4663,18,ASSET_STATUS_ACTIVE,1.000000000000000000,,0,1,6,OK,https://cdn.robinhood.com/ncw_assets/logos/0x5c90450bbb4273d7b2f17cf6917aeb237a569679.png
CCL,Carnival Corporation • Robinhood Token,BMG2004J1036,0x000000000000000000000000000000001cf204e4aa464340bf2e68461ff6d8d3,0x9651342cea770ae9a2969ba2a52611523146aef9,4663,18,ASSET_STATUS_ACTIVE,1.021486444855206408,,0,1,12,OK,https://cdn.robinhood.com/ncw_assets/logos/0x9651342cea770ae9a2969ba2a52611523146aef9.png
CEG,Constellation Energy • Robinhood Token,US21037T1097,0x0000000000000000000000000000000068576a5b6aee4a6bbc9f0d91f47e3918,0xae517a2903e68bd929dfd15be875f8369d53e94a,4663,18,ASSET_STATUS_ACTIVE,1.000000000000000000,,0,1,12,OK,https://cdn.robinhood.com/ncw_assets/logos/0xae517a2903e68bd929dfd15be875f8369d53e94a.png
CELH,Celsius • Robinhood Token,US15118V2079,0x00000000000000000000000000000000e5c73eb672384c37ab8554f9ebe3131a,0x8cf07c5a878945185d327aaa6e33faa95f95e7bf,4663,18,ASSET_STATUS_ACTIVE,1.000000000000000000,,0,1,0,Error: HTTP 429,https://cdn.robinhood.com/ncw_assets/logos/0x8cf07c5a878945185d327aaa6e33faa95f95e7bf.png
CIEN,Ciena • Robinhood Token,US1717793095,0x0000000000000000000000000000000003bd94e037654c6a9828af2137edd3c3,0x44f6d488021f8233b9416294d1fe9b1fee28382d,4663,18,ASSET_STATUS_ACTIVE,1.000000000000000000,,0,1,6,OK,https://cdn.robinhood.com/ncw_assets/logos/0x44f6d488021f8233b9416294d1fe9b1fee28382d.png
CLOV,Clover Health Investments • Robinhood Token,US18914F1030,0x000000000000000000000000000000006e6855f045c84b9cabd44da9108be2f8,0x62200915e7deab1ec7f79fb246dadbb80eacddd0,4663,18,ASSET_STATUS_ACTIVE,1.000000000000000000,,0,1,9,OK,https://cdn.robinhood.com/ncw_assets/logos/0x62200915e7deab1ec7f79fb246dadbb80eacddd0.png
CLS,Celestica • Robinhood Token,CA15101Q2071,0x00000000000000000000000000000000819d5f213b4746e79145d1fc118dcfed,0xbf449977089c718c004a66c554b26b94ef3ad4de,4663,18,ASSET_STATUS_ACTIVE,1.000000000000000000,,0,1,5,OK,https://cdn.robinhood.com/ncw_assets/logos/0xbf449977089c718c004a66c554b26b94ef3ad4de.png
CLSK,CleanSpark • Robinhood Token,US18452B2097,0x00000000000000000000000000000000730835cf25474184af89c27075a82be1,0xcbb95bbf36099d34da091dc6fa6f49efa257cee3,4663,18,ASSET_STATUS_ACTIVE,1.000000000000000000,,0,1,7,OK,https://cdn.robinhood.com/ncw_assets/logos/0xcbb95bbf36099d34da091dc6fa6f49efa257cee3.png
COHR,Coherent • Robinhood Token,US19247G1076,0x00000000000000000000000000000000bf2748d148654427a4034359cbfb6f91,0x92f9f459f1a9a5ad266b182be7bffd1c6c666894,4663,18,ASSET_STATUS_ACTIVE,1.000000000000000000,,0,1,0,Error: HTTP 429,https://cdn.robinhood.com/ncw_assets/logos/0x92f9f459f1a9a5ad266b182be7bffd1c6c666894.png
COIN,Coinbase • Robinhood Token,US19260Q1076,0x00000000000000000000000000000000970b46dbdece4ae4958a53815e62a85a,0x6330d8c3178a418788df01a47479c0ce7ccf450b,4663,18,ASSET_STATUS_ACTIVE,1.000000000000000000,,0,3,12,OK,https://cdn.robinhood.com/ncw_assets/logos/0x6330d8c3178a418788df01a47479c0ce7ccf450b.png
COST,Costco • Robinhood Token,US22160K1051,0x00000000000000000000000000000000e0e44220991548d0b030699e3062c2a7,0x4ea005168d7f09a7a0ba9d1def21a479950e44c2,4663,18,ASSET_STATUS_ACTIVE,1.000612040296259656,,0,3,0,Error: HTTP 429,https://cdn.robinhood.com/ncw_assets/logos/0x4ea005168d7f09a7a0ba9d1def21a479950e44c2.png
CRCL,Circle Internet Group • Robinhood Token,US1725731079,0x000000000000000000000000000000005047f8f8a1a34a9ebee52a4155570807,0xdf0992e440dd0be65bd8439b609d6d4366bf1cb5,4663,18,ASSET_STATUS_ACTIVE,1.000000000000000000,,0,5,17,OK,https://cdn.robinhood.com/ncw_assets/logos/0xdf0992e440dd0be65bd8439b609d6d4366bf1cb5.png
CRDO,Credo Technology Group • Robinhood Token,KYG254571055,0x000000000000000000000000000000008e29de423e4b4105b3644e645fda354a,0x4d67253bc223e6b0e104f1084c1fb2b669ddc41b,4663,18,ASSET_STATUS_ACTIVE,1.000000000000000000,,0,1,6,OK,https://cdn.robinhood.com/ncw_assets/logos/0x4d67253bc223e6b0e104f1084c1fb2b669ddc41b.png
CRM,Salesforce • Robinhood Token,US79466L3024,0x00000000000000000000000000000000022015c295294037bfe416d3e45327b9,0xd95b44124e475743a7589e68f3d74008a5536d44,4663,18,ASSET_STATUS_ACTIVE,1.000000000000000000,,0,1,7,OK,https://cdn.robinhood.com/ncw_assets/logos/0xd95b44124e475743a7589e68f3d74008a5536d44.png
CRWD,CrowdStrike Holdings • Robinhood Token,US22788C1053,0x000000000000000000000000000000001adecf2c6a3749f9873b8926b5977c0a,0xea72ecca2d0f6bfa1394dbbcff85b52cd4233931,4663,18,ASSET_STATUS_ACTIVE,4.000000000000000000,,0,1,17,OK,https://cdn.robinhood.com/ncw_assets/logos/0xea72ecca2d0f6bfa1394dbbcff85b52cd4233931.png
CRWV,CoreWeave • Robinhood Token,US21873S1087,0x000000000000000000000000000000007f48cdbfaced4ff4b34fbc832f449c33,0x5f10a1c971b69e47e059e1dc91901b59b3fb49c3,4663,18,ASSET_STATUS_ACTIVE,1.000000000000000000,,0,0,11,OK,https://cdn.robinhood.com/ncw_assets/logos/0x5f10a1c971b69e47e059e1dc91901b59b3fb49c3.png
CSCO,Cisco Systems • Robinhood Token,US17275R1023,0x0000000000000000000000000000000052b1bd2848fd4837baefc662660c6b28,0xf543967eebb6f1917992ef0e68de63ab07a5a0da,4663,18,ASSET_STATUS_ACTIVE,1.000000000000000000,,0,1,10,OK,https://cdn.robinhood.com/ncw_assets/logos/0xf543967eebb6f1917992ef0e68de63ab07a5a0da.png
CTSH,Cognizant • Robinhood Token,US1924461023,0x00000000000000000000000000000000b5fe9845954e479aa8519666c3f56476,0x63d5a3b6939a33f1e75d8bcd85759858239600db,4663,18,ASSET_STATUS_ACTIVE,1.000000000000000000,,0,1,0,Error: HTTP 429,https://cdn.robinhood.com/ncw_assets/logos/0x63d5a3b6939a33f1e75d8bcd85759858239600db.png
CVNA,Carvana • Robinhood Token,US1468691027,0x00000000000000000000000000000000551774b7a07e4f24a8901f266c16a86d,0xa4f319104089fe321dc8093c6e707d4fe190a988,4663,18,ASSET_STATUS_ACTIVE,1.000000000000000000,,0,1,8,OK,https://cdn.robinhood.com/ncw_assets/logos/0xa4f319104089fe321dc8093c6e707d4fe190a988.png
DDOG,Datadog • Robinhood Token,US23804L1035,0x00000000000000000000000000000000d4bd519623e545bf91b7ea590c66801e,0x27c99fbde9d0d2aa4f4bfb4943f237843ddf6958,4663,18,ASSET_STATUS_ACTIVE,1.000000000000000000,,0,2,0,Error: HTTP 429,https://cdn.robinhood.com/ncw_assets/logos/0x27c99fbde9d0d2aa4f4bfb4943f237843ddf6958.png
DELL,Dell • Robinhood Token,US24703L2025,0x0000000000000000000000000000000014eaef73a2c44d62b7952cfd0a44ff51,0x941ae714ec6d8130c7b75d67160ca08f1e7d11dd,4663,18,ASSET_STATUS_ACTIVE,1.000063708620124549,,0,2,9,OK,https://cdn.robinhood.com/ncw_assets/logos/0x941ae714ec6d8130c7b75d67160ca08f1e7d11dd.png
DJT,Trump Media & Technology Group • Robinhood Token,US25400Q1058,0x00000000000000000000000000000000d8a566c761e845fc8adffb9b2295c3ee,0x1d11f0496982706c5e14a514d4e79f2e6bde4516,4663,18,ASSET_STATUS_ACTIVE,1.000000000000000000,,1,6,0,Error: HTTP 429,https://cdn.robinhood.com/ncw_assets/logos/0x1d11f0496982706c5e14a514d4e79f2e6bde4516.png
DOCN,DigitalOcean • Robinhood Token,US25402D1028,0x00000000000000000000000000000000dfb6ab4d0e0f4cc5bff6d60396755b5f,0xc02f12b9fe9e707079ec0d546f3050d3f6c1f8bd,4663,18,ASSET_STATUS_ACTIVE,1.000000000000000000,,0,1,0,Error: HTTP 429,https://cdn.robinhood.com/ncw_assets/logos/0xc02f12b9fe9e707079ec0d546f3050d3f6c1f8bd.png
ELF,e.l.f. Beauty • Robinhood Token,US26856L1035,0x000000000000000000000000000000004ed544ce43734899971a27f98af8972e,0x39ec44bee4f6a116c6f9b8de566848a985c53c60,4663,18,ASSET_STATUS_ACTIVE,1.000000000000000000,,0,1,12,OK,https://cdn.robinhood.com/ncw_assets/logos/0x39ec44bee4f6a116c6f9b8de566848a985c53c60.png
EWT,iShares MSCI Taiwan Capped ETF • Robinhood Token,US46434G7723,0x00000000000000000000000000000000d198f900bc014be980442c67f2444460,0x1c690498150252222c275a5ced69d3a6b1f52d5e,4663,18,ASSET_STATUS_ACTIVE,1.000000000000000000,,0,1,0,Error: HTTP 429,https://cdn.robinhood.com/ncw_assets/logos/0x1c690498150252222c275a5ced69d3a6b1f52d5e.png
EWY,iShares MSCI South Korea fund • Robinhood Token,US4642867729,0x000000000000000000000000000000008a8710f26e424b2dbc1f6b5de9f267b8,0x7f0abef0c07280f82c6a08ead09ded6bae2c13fc,4663,18,ASSET_STATUS_ACTIVE,1.000000000000000000,,0,2,8,OK,https://cdn.robinhood.com/ncw_assets/logos/0x7f0abef0c07280f82c6a08ead09ded6bae2c13fc.png
F,Ford Motor • Robinhood Token,US3453708600,0x00000000000000000000000000000000952cedaaab6e4593b884e68a4efbf481,0x25c288e6d899b9bc30160965ad9644c67e73be0c,4663,18,ASSET_STATUS_ACTIVE,1.000145502866134027,,0,1,8,OK,https://cdn.robinhood.com/ncw_assets/logos/0x25c288e6d899b9bc30160965ad9644c67e73be0c.png
FICO,Fair Isaac • Robinhood Token,US3032501047,0x0000000000000000000000000000000021d840250ab344d198503610448348fe,0xa48f22a46c0f1c46ca7d111cb6c137c271987180,4663,18,ASSET_STATUS_ACTIVE,1.000000000000000000,,0,1,9,OK,https://cdn.robinhood.com/ncw_assets/logos/0xa48f22a46c0f1c46ca7d111cb6c137c271987180.png
FIG,Figma • Robinhood Token,US3168411052,0x000000000000000000000000000000008616857c3143457db8534cc7ccac1420,0x41f4267525a8aff329540ef24fd83d9044758b33,4663,18,ASSET_STATUS_ACTIVE,1.000000000000000000,,0,2,13,OK,https://cdn.robinhood.com/ncw_assets/logos/0x41f4267525a8aff329540ef24fd83d9044758b33.png
FISV,Fiserv • Robinhood Token,US3377381088,0x0000000000000000000000000000000053906f8ddb574007aea297c4467f567b,0x9ece29a4a2397c0a35fb5fa8ee2b9509130a98cc,4663,18,ASSET_STATUS_ACTIVE,1.000000000000000000,,0,1,7,OK,https://cdn.robinhood.com/ncw_assets/logos/0x9ece29a4a2397c0a35fb5fa8ee2b9509130a98cc.png
FIX,Comfort Systems • Robinhood Token,US1999081045,0x000000000000000000000000000000000ca816dd2ffb4c279c52c5fa87bd431e,0x93dbb1d2dc5d63f4abacff30485273f538df68ac,4663,18,ASSET_STATUS_ACTIVE,1.000000000000000000,,0,1,14,OK,https://cdn.robinhood.com/ncw_assets/logos/0x93dbb1d2dc5d63f4abacff30485273f538df68ac.png
FLNC,Fluence Energy • Robinhood Token,US34379V1035,0x00000000000000000000000000000000dceece67a8c740f180047f65ccb4c44a,0x282e87451e10fa6679bc7d76c69be44cd3fc777c,4663,18,ASSET_STATUS_ACTIVE,1.000000000000000000,,0,1,0,Error: HTTP 429,https://cdn.robinhood.com/ncw_assets/logos/0x282e87451e10fa6679bc7d76c69be44cd3fc777c.png
FLY,Firefly Aerospace Inc. • Robinhood Token,US31816X1063,0x00000000000000000000000000000000450b2a4327ce4062b527224efc49589a,0x03bc731ffb162cdd7b98d3c6542bfc291126075d,4663,18,ASSET_STATUS_ACTIVE,1.000000000000000000,,0,1,10,OK,https://cdn.robinhood.com/ncw_assets/logos/0x03bc731ffb162cdd7b98d3c6542bfc291126075d.png
FTNT,Fortinet • Robinhood Token,US34959E1091,0x00000000000000000000000000000000d246e0e1cfa541deb327dcae22f1328a,0x3fb8976980d486084b2eb4a404bd12e72823958f,4663,18,ASSET_STATUS_ACTIVE,1.000000000000000000,,0,1,0,Error: HTTP 429,https://cdn.robinhood.com/ncw_assets/logos/0x3fb8976980d486084b2eb4a404bd12e72823958f.png
FUTU,Futu Holdings • Robinhood Token,US36118L1061,0x000000000000000000000000000000002e3b98468b2d49bea9b69a2b92228fa6,0xeb30663bdff0622ef4e4e5cbb4e975f19f33f51d,4663,18,ASSET_STATUS_ACTIVE,1.000000000000000000,,0,1,8,OK,https://cdn.robinhood.com/ncw_assets/logos/0xeb30663bdff0622ef4e4e5cbb4e975f19f33f51d.png
GE,General Electric • Robinhood Token,US3696043013,0x00000000000000000000000000000000289ac6c307ef486d8201efa27fa14d63,0x63b814ddbd6bf339f25fed8c36158a008d5b373e,4663,18,ASSET_STATUS_ACTIVE,1.000000000000000000,,0,1,13,OK,https://cdn.robinhood.com/ncw_assets/logos/0x63b814ddbd6bf339f25fed8c36158a008d5b373e.png
GEV,GE Vernova • Robinhood Token,US36828A1016,0x00000000000000000000000000000000bf86ec8b050b46a9a7ad5a532b90c6af,0x94b8aae43a1ccc08aa64b7d1f29b4d920af4a0c9,4663,18,ASSET_STATUS_ACTIVE,1.000000000000000000,,0,1,0,Error: HTTP 429,https://cdn.robinhood.com/ncw_assets/logos/0x94b8aae43a1ccc08aa64b7d1f29b4d920af4a0c9.png
GLD,SPDR Gold Trust • Robinhood Token,US78463V1070,0x000000000000000000000000000000001db61e88b20b481093c556e4d07195b5,0xc9a981fee1f9dec688bb123ccdecc63d0debfc4e,4663,18,ASSET_STATUS_ACTIVE,1.000000000000000000,,1,6,19,OK,https://cdn.robinhood.com/ncw_assets/logos/0xc9a981fee1f9dec688bb123ccdecc63d0debfc4e.png
GLW,Corning • Robinhood Token,US2193501051,0x0000000000000000000000000000000040b2153b3d3d4715b8d22a15ba1acff2,0x7c04e6a3368f2a1de3874f0e80d2e0a1a9915da6,4663,18,ASSET_STATUS_ACTIVE,1.000000000000000000,,0,1,6,OK,https://cdn.robinhood.com/ncw_assets/logos/0x7c04e6a3368f2a1de3874f0e80d2e0a1a9915da6.png
GLXY,Galaxy Digital Inc. • Robinhood Token,US36317J2096,0x000000000000000000000000000000001acf6eeea06d40c5b323c903f77bd6d1,0x2d427692e928fa156ec22acfabafa0447c5805b7,4663,18,ASSET_STATUS_ACTIVE,1.000000000000000000,,0,1,20,OK,https://cdn.robinhood.com/ncw_assets/logos/0x2d427692e928fa156ec22acfabafa0447c5805b7.png
GME,GameStop • Robinhood Token,US36467W1099,0x00000000000000000000000000000000c5ac9420091c4f9eb3ff1fdd1d2b60c6,0x1b0e319c6a659f002271b69db8a7df2f911c153e,4663,18,ASSET_STATUS_ACTIVE,1.000000000000000000,,1,7,0,Error: HTTP 429,https://cdn.robinhood.com/ncw_assets/logos/0x1b0e319c6a659f002271b69db8a7df2f911c153e.png
GOOGL,Alphabet Class A • Robinhood Token,US02079K3059,0x0000000000000000000000000000000053b69e2076884cc9ae2ada9bc7095df3,0x2e0847e8910a9732eb3fb1bb4b70a580adad4fe3,4663,18,ASSET_STATUS_ACTIVE,1.000000000000000000,,0,6,19,OK,https://cdn.robinhood.com/ncw_assets/logos/0x2e0847e8910a9732eb3fb1bb4b70a580adad4fe3.png
HII,Huntington Ingalls • Robinhood Token,US4464131063,0x00000000000000000000000000000000f759d1fccdb8418a8970ee6932aa6584,0xeb61c0ed490a367d4e3631ccf8a74b3bfc7e775d,4663,18,ASSET_STATUS_ACTIVE,1.000000000000000000,,0,1,0,Error: HTTP 429,https://cdn.robinhood.com/ncw_assets/logos/0xeb61c0ed490a367d4e3631ccf8a74b3bfc7e775d.png
HIMS,Hims & Hers Health • Robinhood Token,US4330001060,0x00000000000000000000000000000000e56a9632bdd64f7ea0745b48971ad047,0xccee82fe024c36fa15e1005ede3e9e4787e23d09,4663,18,ASSET_STATUS_ACTIVE,1.000000000000000000,,0,3,0,Error: HTTP 429,https://cdn.robinhood.com/ncw_assets/logos/0xccee82fe024c36fa15e1005ede3e9e4787e23d09.png
HPE,HP Enterprise • Robinhood Token,US42824C1099,0x00000000000000000000000000000000d2ef3f28627f47539db72dbe14c6f1f7,0x59dd09d4900c2e4b5f75b7c0d4e6796fcc234cb1,4663,18,ASSET_STATUS_ACTIVE,1.000000000000000000,,0,2,0,Error: HTTP 429,https://cdn.robinhood.com/ncw_assets/logos/0x59dd09d4900c2e4b5f75b7c0d4e6796fcc234cb1.png
HWM,Howmet Aerospace • Robinhood Token,US4432011082,0x00000000000000000000000000000000e42a66686f784f69abb7759114f38f51,0xaea445c5f3db1a462998ccc422a875a361ee5d99,4663,18,ASSET_STATUS_ACTIVE,1.000000000000000000,,0,1,0,Error: HTTP 429,https://cdn.robinhood.com/ncw_assets/logos/0xaea445c5f3db1a462998ccc422a875a361ee5d99.png
IBM,IBM • Robinhood Token,US4592001014,0x00000000000000000000000000000000c0d3fe37e35240d1a0f311a07e2b9fc4,0x980dcf6766fa79f5cf0c4aadb3ab477ff15a9619,4663,18,ASSET_STATUS_ACTIVE,1.000000000000000000,,0,1,0,Error: HTTP 429,https://cdn.robinhood.com/ncw_assets/logos/0x980dcf6766fa79f5cf0c4aadb3ab477ff15a9619.png
IBRX,"ImmunityBio, • Robinhood Token",US45256X1037,0x00000000000000000000000000000000ff5617943e99488d87281bae9b706d53,0x7c148f74ac7445d1f28366b7fcdc6792a9fcd0cf,4663,18,ASSET_STATUS_ACTIVE,1.000000000000000000,,0,1,0,Error: HTTP 429,https://cdn.robinhood.com/ncw_assets/logos/0x7c148f74ac7445d1f28366b7fcdc6792a9fcd0cf.png
INDA,iShares MSCI India ETF • Robinhood Token,US46429B5984,0x00000000000000000000000000000000f87aee91942940d0acf2e657187332af,0xacef2e09adb47ad6abebad9ff06689e60615c2b6,4663,18,ASSET_STATUS_ACTIVE,1.000000000000000000,,0,4,0,Error: HTTP 429,https://cdn.robinhood.com/ncw_assets/logos/0xacef2e09adb47ad6abebad9ff06689e60615c2b6.png
INFQ,Infleqtion • Robinhood Token,US45676K1034,0x000000000000000000000000000000005d6501818f804e87ab5b352105bbad0a,0xb853bc83a753342a4f8320ea680b4b1e84118d21,4663,18,ASSET_STATUS_ACTIVE,1.000000000000000000,,0,1,4,OK,https://cdn.robinhood.com/ncw_assets/logos/0xb853bc83a753342a4f8320ea680b4b1e84118d21.png
INOD,Innodata • Robinhood Token,US4576422053,0x00000000000000000000000000000000c23820045b544bafbdc0dd622098fcc3,0xf1953dab6fad537488d5a022361ffaa8b4c95ec6,4663,18,ASSET_STATUS_ACTIVE,1.000000000000000000,,0,1,0,Error: HTTP 429,https://cdn.robinhood.com/ncw_assets/logos/0xf1953dab6fad537488d5a022361ffaa8b4c95ec6.png
INTC,Intel • Robinhood Token,US4581401001,0x000000000000000000000000000000002eb75a2c20d7423881b4f812c27d0abe,0xc72b96e0e48ecd4dc75e1e45396e26300bc39681,4663,18,ASSET_STATUS_ACTIVE,1.000000000000000000,,2,1,12,OK,https://cdn.robinhood.com/ncw_assets/logos/0xc72b96e0e48ecd4dc75e1e45396e26300bc39681.png
INTU,Intuit • Robinhood Token,US4612021034,0x00000000000000000000000000000000482927a418d1476c8ee89e119bf61fc7,0x56d23bee5f41a7120170b0c603dae30128e460e9,4663,18,ASSET_STATUS_ACTIVE,1.000000000000000000,,0,1,7,OK,https://cdn.robinhood.com/ncw_assets/logos/0x56d23bee5f41a7120170b0c603dae30128e460e9.png
IONQ,IonQ • Robinhood Token,US46222L1089,0x00000000000000000000000000000000b6f6e756b7ff46b88238c18d0bc07fd4,0x558378e000d634a36593e338ebacdd6207640efe,4663,18,ASSET_STATUS_ACTIVE,1.000000000000000000,,0,1,0,Error: HTTP 429,https://cdn.robinhood.com/ncw_assets/logos/0x558378e000d634a36593e338ebacdd6207640efe.png
IREN,IREN Limited • Robinhood Token,AU0000185993,0x00000000000000000000000000000000612c7fa7477f4f21b3a425f180cffd86,0xf0ab0c93be6f41369d302e55db1a96b3c430212d,4663,18,ASSET_STATUS_ACTIVE,1.000000000000000000,,0,1,3,OK,https://cdn.robinhood.com/ncw_assets/logos/0xf0ab0c93be6f41369d302e55db1a96b3c430212d.png
JBL,Jabil Inc. • Robinhood Token,US4663131039,0x00000000000000000000000000000000aad6874f8eba489d8a46fe1cbddc8db4,0xeaf2512dfc1beac608f8794b3793cd4e02894aa6,4663,18,ASSET_STATUS_ACTIVE,1.000000000000000000,,0,1,0,Error: HTTP 429,https://cdn.robinhood.com/ncw_assets/logos/0xeaf2512dfc1beac608f8794b3793cd4e02894aa6.png
JNJ,Johnson & Johnson • Robinhood Token,US4781601046,0x00000000000000000000000000000000b1ab18e03806432eac8895cdd289a769,0x03dfbbe0ac4e7bcdafd08ed41a400326b77d8c80,4663,18,ASSET_STATUS_ACTIVE,1.000000000000000000,,0,4,0,Error: HTTP 429,https://cdn.robinhood.com/ncw_assets/logos/0x03dfbbe0ac4e7bcdafd08ed41a400326b77d8c80.png
JOBY,Joby Aviation • Robinhood Token,KYG651631007,0x0000000000000000000000000000000092891cbd0b204f8a87d7878e0fbd60a8,0xb334c5ce741b80b5b671f47f5c269cb193fe8e24,4663,18,ASSET_STATUS_ACTIVE,1.000000000000000000,,0,1,5,OK,https://cdn.robinhood.com/ncw_assets/logos/0xb334c5ce741b80b5b671f47f5c269cb193fe8e24.png
KLAC,KLA • Robinhood Token,US4824801009,0x00000000000000000000000000000000fb93cee635bd469e8dc9849f12f889aa,0x96b933c74ecb4a0926b9210cef7b743ef46be2e9,4663,18,ASSET_STATUS_ACTIVE,1.000000000000000000,,0,1,0,Error: HTTP 429,https://cdn.robinhood.com/ncw_assets/logos/0x96b933c74ecb4a0926b9210cef7b743ef46be2e9.png
KSS,Kohls Corporation • Robinhood Token,US5002551043,0x00000000000000000000000000000000b3a0668c099e4767b0be3e33d2542cae,0x12e3c047bf9aecaf9ddc98c05c31bfd1dd043993,4663,18,ASSET_STATUS_ACTIVE,1.000000000000000000,,0,1,0,Error: HTTP 429,https://cdn.robinhood.com/ncw_assets/logos/0x12e3c047bf9aecaf9ddc98c05c31bfd1dd043993.png
KTOS,Kratos Defense & Security Solutions • Robinhood Token,US50077B2079,0x00000000000000000000000000000000a8a9aa61c79e45b48d4ae5e9b6941ed1,0x7fd06a4d81ccfa3f351394e144d5191874c31313,4663,18,ASSET_STATUS_ACTIVE,1.000000000000000000,,0,1,0,Error: HTTP 429,https://cdn.robinhood.com/ncw_assets/logos/0x7fd06a4d81ccfa3f351394e144d5191874c31313.png
LHX,L3Harris • Robinhood Token,US5024311095,0x00000000000000000000000000000000441407e9a0ab483bb0d6191d23bcb654,0x48d60243c66437c6ac3c2495be94747aed5dfe25,4663,18,ASSET_STATUS_ACTIVE,1.000000000000000000,,0,1,8,OK,https://cdn.robinhood.com/ncw_assets/logos/0x48d60243c66437c6ac3c2495be94747aed5dfe25.png
LITE,Lumentum • Robinhood Token,US55024U1097,0x00000000000000000000000000000000a5fc7b0af972454baf7c124f624ae97f,0x8ef20885f94e3d9bc7eb3080279188bd5ed7c08c,4663,18,ASSET_STATUS_ACTIVE,1.000000000000000000,,0,1,0,Error: HTTP 429,https://cdn.robinhood.com/ncw_assets/logos/0x8ef20885f94e3d9bc7eb3080279188bd5ed7c08c.png
LLY,Eli Lilly • Robinhood Token,US5324571083,0x00000000000000000000000000000000ac7debdd1135468e9b6a35678f81bb28,0x8005d266423c7ea827372c9c864491e5786600ea,4663,18,ASSET_STATUS_ACTIVE,1.000000000000000000,,0,5,0,Error: HTTP 429,https://cdn.robinhood.com/ncw_assets/logos/0x8005d266423c7ea827372c9c864491e5786600ea.png
LMT,Lockheed • Robinhood Token,US5398301094,0x000000000000000000000000000000005cca09f06be14aea89a8ea6265026644,0x329fcaceb9ad6f9580dd5f643fed0646900d043c,4663,18,ASSET_STATUS_ACTIVE,1.000000000000000000,,0,3,11,OK,https://cdn.robinhood.com/ncw_assets/logos/0x329fcaceb9ad6f9580dd5f643fed0646900d043c.png
LRCX,Lam Research Corp • Robinhood Token,US5128073062,0x0000000000000000000000000000000065968801094d4f8794208f387f3fe9f9,0x57b0030166db0c31690d1a5aa167e2e26e2c29a4,4663,18,ASSET_STATUS_ACTIVE,1.000000000000000000,,0,1,7,OK,https://cdn.robinhood.com/ncw_assets/logos/0x57b0030166db0c31690d1a5aa167e2e26e2c29a4.png
LULU,Lululemon • Robinhood Token,US5500211090,0x000000000000000000000000000000005b0a57398f2f4322b011fb98da1f785f,0x4e62068525ab11fe768e29dfd00ef909b9803016,4663,18,ASSET_STATUS_ACTIVE,1.000000000000000000,,0,3,30,OK,https://cdn.robinhood.com/ncw_assets/logos/0x4e62068525ab11fe768e29dfd00ef909b9803016.png
LUNR,Intuitive Machines • Robinhood Token,US46125A1007,0x00000000000000000000000000000000c8fa21fd16c744c9ac5c7f5a60ca433a,0xa5d4968421ba94814be3b136b15cf422101ac1a3,4663,18,ASSET_STATUS_ACTIVE,1.000000000000000000,,0,1,0,Error: HTTP 429,https://cdn.robinhood.com/ncw_assets/logos/0xa5d4968421ba94814be3b136b15cf422101ac1a3.png
MDB,MongoDB • Robinhood Token,US60937P1066,0x00000000000000000000000000000000f92f60961bbe43028a23a3d52174b320,0xddf2266b79abf0b48898959b0ed6e6adf512be74,4663,18,ASSET_STATUS_ACTIVE,1.000000000000000000,,0,1,0,Error: HTTP 429,https://cdn.robinhood.com/ncw_assets/logos/0xddf2266b79abf0b48898959b0ed6e6adf512be74.png
META,Meta Platforms • Robinhood Token,US30303M1027,0x00000000000000000000000000000000343e7beca03644bcba2e50b8236784f5,0xc0d6457c16cc70d6790dd43521c899c87ce02f35,4663,18,ASSET_STATUS_ACTIVE,1.000000000000000000,,0,4,11,OK,https://cdn.robinhood.com/ncw_assets/logos/0xc0d6457c16cc70d6790dd43521c899c87ce02f35.png
MOD,Modine • Robinhood Token,US6078281002,0x0000000000000000000000000000000059499b681f6d4d558c653682dd74910e,0xc6cbad1016b38b797610c25e1dc7d95988b1f362,4663,18,ASSET_STATUS_ACTIVE,1.000000000000000000,,0,1,5,OK,https://cdn.robinhood.com/ncw_assets/logos/0xc6cbad1016b38b797610c25e1dc7d95988b1f362.png
MPWR,Monolithic Power Systems • Robinhood Token,US6098391054,0x00000000000000000000000000000000c5e6650eefa247d599fba9cf6dd5bdad,0x52d50d0280ad1054b43f052bd70a49a212a1b128,4663,18,ASSET_STATUS_ACTIVE,1.000000000000000000,,0,1,0,Error: HTTP 429,https://cdn.robinhood.com/ncw_assets/logos/0x52d50d0280ad1054b43f052bd70a49a212a1b128.png
MRNA,Moderna • Robinhood Token,US60770K1079,0x00000000000000000000000000000000645f1b5c9e1a4a0e8fa96d05e16df733,0x43b07d15ce533bec5476d70c22a78a1b2b662155,4663,18,ASSET_STATUS_ACTIVE,1.000000000000000000,,0,3,15,OK,https://cdn.robinhood.com/ncw_assets/logos/0x43b07d15ce533bec5476d70c22a78a1b2b662155.png
MRVL,Marvell Technology • Robinhood Token,US5738741041,0x00000000000000000000000000000000aa33b104a54c4de08cc929fb8e8af349,0x62fd0668e10d8b72339be2dcf7643001688ff13b,4663,18,ASSET_STATUS_ACTIVE,1.000000000000000000,,0,4,0,Error: HTTP 429,https://cdn.robinhood.com/ncw_assets/logos/0x62fd0668e10d8b72339be2dcf7643001688ff13b.png
MSFT,Microsoft • Robinhood Token,US5949181045,0x00000000000000000000000000000000307bb0113ca54f93adf80f4ff2bf681a,0xe93237c50d904957cf27e7b1133b510c669c2e74,4663,18,ASSET_STATUS_ACTIVE,1.000000000000000000,,1,4,11,OK,https://cdn.robinhood.com/ncw_assets/logos/0xe93237c50d904957cf27e7b1133b510c669c2e74.png
MSTR,Strategy Inc. • Robinhood Token,US5949724083,0x00000000000000000000000000000000c91ba6e57a1c493f99cae2174e43c86e,0xec262a75e413fafd0df80480274532c79d42da09,4663,18,ASSET_STATUS_ACTIVE,1.000000000000000000,,0,3,0,Error: HTTP 429,https://cdn.robinhood.com/ncw_assets/logos/0xec262a75e413fafd0df80480274532c79d42da09.png
MTSI,MACOM • Robinhood Token,US55405Y1001,0x000000000000000000000000000000000cd0e8a5e7c341e09f4532de2dc256b2,0xc93f4d80e268ab922e871bd169156c3cc41894e6,4663,18,ASSET_STATUS_ACTIVE,1.000000000000000000,,0,1,8,OK,https://cdn.robinhood.com/ncw_assets/logos/0xc93f4d80e268ab922e871bd169156c3cc41894e6.png
MU,Micron Technology • Robinhood Token,US5951121038,0x000000000000000000000000000000007757415150a94b50a879cdc04dc90664,0xff080c8ce2e5feadaca0da81314ae59d232d4afd,4663,18,ASSET_STATUS_ACTIVE,1.000074823219171086,,0,3,17,OK,https://cdn.robinhood.com/ncw_assets/logos/0xff080c8ce2e5feadaca0da81314ae59d232d4afd.png
MXL,MaxLinear • Robinhood Token,US57776J1007,0x0000000000000000000000000000000014f96c01ad254647b2617a5686d6053a,0x48961813349333209994750ffa89b3c5c22ec969,4663,18,ASSET_STATUS_ACTIVE,1.000000000000000000,,0,2,6,OK,https://cdn.robinhood.com/ncw_assets/logos/0x48961813349333209994750ffa89b3c5c22ec969.png
NAVN,Navan • Robinhood Token,US6391931010,0x00000000000000000000000000000000c1fbbd1f58eb47a1a1d16285e48e2f20,0xf7181b63fdb858558a74ba96bc42732684cd7965,4663,18,ASSET_STATUS_ACTIVE,1.000000000000000000,,0,2,0,Error: HTTP 429,https://cdn.robinhood.com/ncw_assets/logos/0xf7181b63fdb858558a74ba96bc42732684cd7965.png
NBIS,Nebius Group • Robinhood Token,NL0009805522,0x00000000000000000000000000000000994b82ab24514d439fccc87156df35f9,0x9d9c6684f596f66a64c030b93a886d51fd4d7931,4663,18,ASSET_STATUS_ACTIVE,1.000000000000000000,,0,1,0,Error: HTTP 429,https://cdn.robinhood.com/ncw_assets/logos/0x9d9c6684f596f66a64c030b93a886d51fd4d7931.png
NET,"Cloudflare, Inc. Class A common stock • Robinhood Token",US18915M1071,0x00000000000000000000000000000000c8325c5c9c7e4ca2a3d8344500c5c483,0x116f00968269b7bfbad4109ce591d6e74c0601d4,4663,18,ASSET_STATUS_ACTIVE,1.000000000000000000,,0,1,0,Error: HTTP 429,https://cdn.robinhood.com/ncw_assets/logos/0x116f00968269b7bfbad4109ce591d6e74c0601d4.png
NFLX,Netflix • Robinhood Token,US64110L1061,0x00000000000000000000000000000000500f14b2a92f44d6998e0e2b9cc9387e,0xe0444ef8bf4ed74f74fd73686e2ddf4c1c5591e8,4663,18,ASSET_STATUS_ACTIVE,1.000000000000000000,,0,3,15,OK,https://cdn.robinhood.com/ncw_assets/logos/0xe0444ef8bf4ed74f74fd73686e2ddf4c1c5591e8.png
NNE,Nano Nuclear Energy • Robinhood Token,US63010H1086,0x000000000000000000000000000000002850ddf4a89a4195905c49a4ef7af8a5,0xbef75684c43c4ea7bd18dd532a2244674ee8b926,4663,18,ASSET_STATUS_ACTIVE,1.000000000000000000,,0,1,18,OK,https://cdn.robinhood.com/ncw_assets/logos/0xbef75684c43c4ea7bd18dd532a2244674ee8b926.png
NOW,ServiceNow • Robinhood Token,US81762P1021,0x000000000000000000000000000000008fcfbfc7a42c40d4aa44dc7dc943b078,0x0c3260af4b8f13a69c4c2dfb84fd667890cdfa14,4663,18,ASSET_STATUS_ACTIVE,1.000000000000000000,,0,1,10,OK,https://cdn.robinhood.com/ncw_assets/logos/0x0c3260af4b8f13a69c4c2dfb84fd667890cdfa14.png
NU,Nu • Robinhood Token,KYG6683N1034,0x000000000000000000000000000000002ea76ec420fa43ab81d6734184f7058a,0x408c14038a04f7bd235329e26d2bf569ee20e250,4663,18,ASSET_STATUS_ACTIVE,1.000000000000000000,,0,2,7,OK,https://cdn.robinhood.com/ncw_assets/logos/0x408c14038a04f7bd235329e26d2bf569ee20e250.png
NVDA,NVIDIA • Robinhood Token,US67066G1040,0x00000000000000000000000000000000915f477416294f5099a5e0e09f327ce5,0xd0601ce157db5bdc3162bbac2a2c8af5320d9eec,4663,18,ASSET_STATUS_ACTIVE,1.000000000000000000,,2,7,30,OK,https://cdn.robinhood.com/ncw_assets/logos/0xd0601ce157db5bdc3162bbac2a2c8af5320d9eec.png
NVTS,Navitas Semiconductor • Robinhood Token,US63942X1063,0x00000000000000000000000000000000b9e9686fc0904e87aef5134b823020e3,0xbe6702d7b70315376dc48a3293f24f0982f86386,4663,18,ASSET_STATUS_ACTIVE,1.000000000000000000,,0,1,0,Error: HTTP 429,https://cdn.robinhood.com/ncw_assets/logos/0xbe6702d7b70315376dc48a3293f24f0982f86386.png
OKLO,Oklo • Robinhood Token,US02156V1098,0x00000000000000000000000000000000d9dd6bf798564cfd8d65f3f95fc915c3,0x8b2f88497f15a18e9d4ffa1a8ffb8538399ae774,4663,18,ASSET_STATUS_ACTIVE,1.000000000000000000,,0,1,0,Error: HTTP 429,https://cdn.robinhood.com/ncw_assets/logos/0x8b2f88497f15a18e9d4ffa1a8ffb8538399ae774.png
ON,ON Semiconductor • Robinhood Token,US6821891057,0x000000000000000000000000000000000467fac1d4da4c0e9ae874314fc8d784,0xbbd09f72b025360fee5c928053dca6248d35be54,4663,18,ASSET_STATUS_ACTIVE,1.000000000000000000,,0,1,14,OK,https://cdn.robinhood.com/ncw_assets/logos/0xbbd09f72b025360fee5c928053dca6248d35be54.png
ONTO,Onto Innovation • Robinhood Token,US6833441057,0x00000000000000000000000000000000f1469aaabbf6434cb8820d1026a28460,0x8ff63eaeee3fe54ba450c4f5538064ec5a893aef,4663,18,ASSET_STATUS_ACTIVE,1.000000000000000000,,0,1,0,Error: HTTP 429,https://cdn.robinhood.com/ncw_assets/logos/0x8ff63eaeee3fe54ba450c4f5538064ec5a893aef.png
ORCL,Oracle • Robinhood Token,US68389X1054,0x00000000000000000000000000000000be23b7c535e841a3b1bae97bc0166eae,0xb0992820e760d836549ba69bc7598b4af75dee03,4663,18,ASSET_STATUS_ACTIVE,1.002210914971013375,,0,0,0,Error: HTTP 429,https://cdn.robinhood.com/ncw_assets/logos/0xb0992820e760d836549ba69bc7598b4af75dee03.png
OUST,Ouster • Robinhood Token,US68989M2026,0x0000000000000000000000000000000060d13e3566ea42a0a83a3224fd446109,0x40e7a279850e443f582059ae5dc1c3b6563e6395,4663,18,ASSET_STATUS_ACTIVE,1.000000000000000000,,0,1,2,OK,https://cdn.robinhood.com/ncw_assets/logos/0x40e7a279850e443f582059ae5dc1c3b6563e6395.png
P,Everpure • Robinhood Token,US74624M1027,0x0000000000000000000000000000000002c4d1ce31ec4310b2c507c921a52b70,0x1cdad396db64bda184d5182a97dd9b3c62100b7d,4663,18,ASSET_STATUS_ACTIVE,1.000000000000000000,,0,2,14,OK,https://cdn.robinhood.com/ncw_assets/logos/0x1cdad396db64bda184d5182a97dd9b3c62100b7d.png
PANW,Palo Alto Networks • Robinhood Token,US6974351057,0x00000000000000000000000000000000423f62d0b1e146a3b90e9b1ffcbf6e16,0xb039597ed45cba7b6e2fb9e8be51802969cee5be,4663,18,ASSET_STATUS_ACTIVE,1.000000000000000000,,0,1,2,OK,https://cdn.robinhood.com/ncw_assets/logos/0xb039597ed45cba7b6e2fb9e8be51802969cee5be.png
PATH,UiPath • Robinhood Token,US90364P1057,0x00000000000000000000000000000000ba4c7482f4e048f9a8d4a19fa2d1227a,0xfb2664f07b6aadd29ea7a59d8859b1aeb8645cda,4663,18,ASSET_STATUS_ACTIVE,1.000000000000000000,,0,1,0,Error: HTTP 429,https://cdn.robinhood.com/ncw_assets/logos/0xfb2664f07b6aadd29ea7a59d8859b1aeb8645cda.png
PENG,Penguin Solutions • Robinhood Token,US7069151055,0x00000000000000000000000000000000c6257ac357d34120ba22c2589ba17cc9,0x9b23573b156b52565012f5ce02cdf60afbaa70be,4663,18,ASSET_STATUS_ACTIVE,1.000000000000000000,,0,2,0,Error: HTTP 429,https://cdn.robinhood.com/ncw_assets/logos/0x9b23573b156b52565012f5ce02cdf60afbaa70be.png
PFE,Pfizer • Robinhood Token,US7170811035,0x00000000000000000000000000000000fb3ae5faa7f7465a95815518c4cd7a8b,0x7066a64c24e4206cd62e83bf198c1e7eb361f51e,4663,18,ASSET_STATUS_ACTIVE,1.000000000000000000,,0,2,0,Error: HTTP 429,https://cdn.robinhood.com/ncw_assets/logos/0x7066a64c24e4206cd62e83bf198c1e7eb361f51e.png
PL,Planet Labs • Robinhood Token,US72703X1063,0x00000000000000000000000000000000b6231b1f45a647a1930f919f161df020,0xaa4d64474c172010ab57719cb9951e6142a100d3,4663,18,ASSET_STATUS_ACTIVE,1.000000000000000000,,0,1,0,Error: HTTP 429,https://cdn.robinhood.com/ncw_assets/logos/0xaa4d64474c172010ab57719cb9951e6142a100d3.png
PLTR,Palantir Technologies • Robinhood Token,US69608A1088,0x000000000000000000000000000000007454a90b4aab491389ce9fa3c485de42,0x894e1ec2d74ffe5aef8dc8a9e84686accb964f2a,4663,18,ASSET_STATUS_ACTIVE,1.000000000000000000,,0,1,14,OK,https://cdn.robinhood.com/ncw_assets/logos/0x894e1ec2d74ffe5aef8dc8a9e84686accb964f2a.png
POET,POET Technologies • Robinhood Token,CA73044W3021,0x00000000000000000000000000000000a20e50a9f81946d58dafdad20661ec10,0xcf6b2d875361be807eafa57458c80f28521f9333,4663,18,ASSET_STATUS_ACTIVE,1.000000000000000000,,0,1,0,Error: HTTP 429,https://cdn.robinhood.com/ncw_assets/logos/0xcf6b2d875361be807eafa57458c80f28521f9333.png
POWL,Powell Industries • Robinhood Token,US7391281067,0x00000000000000000000000000000000794a29855a8f4a9998510dfa2604da94,0x237c16d66590f67b886d978acd362eaead8b18c7,4663,18,ASSET_STATUS_ACTIVE,1.000000000000000000,,0,1,7,OK,https://cdn.robinhood.com/ncw_assets/logos/0x237c16d66590f67b886d978acd362eaead8b18c7.png
PR,Permian Resources • Robinhood Token,US71424F1057,0x0000000000000000000000000000000022d137a64ac743aa991898cc4c1d7af4,0x4189f0c66ebbb0bfef1c31f763131361ef32f77c,4663,18,ASSET_STATUS_ACTIVE,1.000000000000000000,,0,1,6,OK,https://cdn.robinhood.com/ncw_assets/logos/0x4189f0c66ebbb0bfef1c31f763131361ef32f77c.png
PWR,Quanta • Robinhood Token,US74762E1029,0x0000000000000000000000000000000094e84a8622774d5699842d9b0621b871,0x9ab02ead789b6903c3c44d0ed32f9c707cdf12fd,4663,18,ASSET_STATUS_ACTIVE,1.000000000000000000,,0,1,7,OK,https://cdn.robinhood.com/ncw_assets/logos/0x9ab02ead789b6903c3c44d0ed32f9c707cdf12fd.png
QBTS,D-Wave Quantum Inc. Common Stock • Robinhood Token,US26740W1099,0x000000000000000000000000000000000a924e0d878747e586c22887bc2d82b1,0xc583c60aef9dc401da72cec1b404743a93cea1cc,4663,18,ASSET_STATUS_ACTIVE,1.000000000000000000,,0,1,5,OK,https://cdn.robinhood.com/ncw_assets/logos/0xc583c60aef9dc401da72cec1b404743a93cea1cc.png
QCOM,Qualcomm • Robinhood Token,US7475251036,0x00000000000000000000000000000000ad4edb65cfed4b93a3f768502f7ac2b2,0x0f17206447090e464c277571124dd2688e48aea9,4663,18,ASSET_STATUS_ACTIVE,1.000000000000000000,,0,1,0,Error: HTTP 429,https://cdn.robinhood.com/ncw_assets/logos/0x0f17206447090e464c277571124dd2688e48aea9.png
QQQ,Invesco QQQ • Robinhood Token,US46090E1038,0x000000000000000000000000000000002470b933c52d47ccad017ed9ee80c9ed,0xd5f3879160bc7c32ebb4dc785f8a4f505888de68,4663,18,ASSET_STATUS_ACTIVE,1.000000000000000000,,0,6,17,OK,https://cdn.robinhood.com/ncw_assets/logos/0xd5f3879160bc7c32ebb4dc785f8a4f505888de68.png
QUBT,Quantum Computing • Robinhood Token,US74766W1080,0x000000000000000000000000000000009448faa0b7c14ea798a7787a8cb9db5a,0x59818904ab4ce163b3ce4ffb64f2d6ca02c434b4,4663,18,ASSET_STATUS_ACTIVE,1.000000000000000000,,0,3,13,OK,https://cdn.robinhood.com/ncw_assets/logos/0x59818904ab4ce163b3ce4ffb64f2d6ca02c434b4.png
RBLX,Roblox • Robinhood Token,US7710491033,0x00000000000000000000000000000000eed533334fe84ce08253d5b1dcff7373,0xf0c4bf4c582cb3836e98394b1d4e7b7281101be8,4663,18,ASSET_STATUS_ACTIVE,1.000000000000000000,,0,4,0,Error: HTTP 429,https://cdn.robinhood.com/ncw_assets/logos/0xf0c4bf4c582cb3836e98394b1d4e7b7281101be8.png
RCAT,Red Cat • Robinhood Token,US75644T1007,0x00000000000000000000000000000000311078f293cf441789d7bc7eb9480228,0xfde6b5d9bb419b10c23268c74e369abff39c0460,4663,18,ASSET_STATUS_ACTIVE,1.000000000000000000,,0,1,12,OK,https://cdn.robinhood.com/ncw_assets/logos/0xfde6b5d9bb419b10c23268c74e369abff39c0460.png
RDDT,Reddit • Robinhood Token,US75734B1008,0x000000000000000000000000000000003bc66ed8f2314091a365604b4c01aef5,0x05b37fb53a299a1b874a619e1c4c404d52c36f4c,4663,18,ASSET_STATUS_ACTIVE,1.000000000000000000,,0,5,22,OK,https://cdn.robinhood.com/ncw_assets/logos/0x05b37fb53a299a1b874a619e1c4c404d52c36f4c.png
RDW,Redwire • Robinhood Token,US75776W1036,0x00000000000000000000000000000000d6571fe1a63748a4b7b79b37612dc9b8,0x92ef19e82bd8ff36661de838d5eae7e5cef0effe,4663,18,ASSET_STATUS_ACTIVE,1.000000000000000000,,0,1,0,Error: HTTP 429,https://cdn.robinhood.com/ncw_assets/logos/0x92ef19e82bd8ff36661de838d5eae7e5cef0effe.png
RGTI,Rigetti Computing • Robinhood Token,US76655K1034,0x0000000000000000000000000000000031a6c09d095b4d49b4155de0040da68f,0x284358abc07f9359f19f4b5b4ac91901be2597ba,4663,18,ASSET_STATUS_ACTIVE,1.000000000000000000,,0,1,5,OK,https://cdn.robinhood.com/ncw_assets/logos/0x284358abc07f9359f19f4b5b4ac91901be2597ba.png
RIVN,Rivian Automotive • Robinhood Token,US76954A1034,0x00000000000000000000000000000000c4aa88df91204d23a4ff43cd0768298d,0xb1bf26c1d20ff267a4f93550d1e0d06ac40a114b,4663,18,ASSET_STATUS_ACTIVE,1.000000000000000000,,0,1,0,Error: HTTP 429,https://cdn.robinhood.com/ncw_assets/logos/0xb1bf26c1d20ff267a4f93550d1e0d06ac40a114b.png
RKLB,Rocket Lab Corporation • Robinhood Token,US7731211089,0x000000000000000000000000000000007cacd0cd4c0547d480e89459e648592b,0x3b14c39e89d60d627b42a1a4ca45b5bb45fc12e2,4663,18,ASSET_STATUS_ACTIVE,1.000000000000000000,,0,1,7,OK,https://cdn.robinhood.com/ncw_assets/logos/0x3b14c39e89d60d627b42a1a4ca45b5bb45fc12e2.png
RUN,Sunrun • Robinhood Token,US86771W1053,0x00000000000000000000000000000000159fb9b112cb4ac8acec13e01d48e763,0x756bc80af765c82da966a788858d65adf14f3793,4663,18,ASSET_STATUS_ACTIVE,1.000000000000000000,,0,1,11,OK,https://cdn.robinhood.com/ncw_assets/logos/0x756bc80af765c82da966a788858d65adf14f3793.png
SATS,EchoStar • Robinhood Token,US2787681061,0x000000000000000000000000000000000b2d487cedd9423a890231379e09bbb6,0x95052ddcd5dc25641657424a8cf04834997e1730,4663,18,ASSET_STATUS_ACTIVE,1.000000000000000000,,0,1,0,OK_EMPTY,https://cdn.robinhood.com/ncw_assets/logos/0x95052ddcd5dc25641657424a8cf04834997e1730.png
SCHD,Schwab US Dividend Equity ETF • Robinhood Token,US8085247976,0x00000000000000000000000000000000c89bb960aac6406fb95b34dc136a6016,0xd63abb2c13d7a8421a8017a712802053568e3c1d,4663,18,ASSET_STATUS_ACTIVE,1.000000000000000000,,0,1,0,Error: HTTP 429,https://cdn.robinhood.com/ncw_assets/logos/0xd63abb2c13d7a8421a8017a712802053568e3c1d.png
SGOV,iShares 0-3 Month Treasury Bond • Robinhood Token,US46436E7186,0x000000000000000000000000000000005f7e82ad6e4c4b60ba76497863fe4a67,0x92fd66527192e3e61d4ddd13322aa222de86f9b5,4663,18,ASSET_STATUS_ACTIVE,1.005101770003214918,,0,3,13,OK,https://cdn.robinhood.com/ncw_assets/logos/0x92fd66527192e3e61d4ddd13322aa222de86f9b5.png
SHOP,Shopify • Robinhood Token,CA82509L1076,0x00000000000000000000000000000000b82496d605ca4b019c9200daa049f52f,0xf53f66751b1eff985311b693531e3290f600c410,4663,18,ASSET_STATUS_ACTIVE,1.000000000000000000,,0,1,0,Error: HTTP 429,https://cdn.robinhood.com/ncw_assets/logos/0xf53f66751b1eff985311b693531e3290f600c410.png
SHY,iShares 1-3 Year Treasury Bond ETF • Robinhood Token,US4642874576,0x000000000000000000000000000000009cc71272a7ec45f0adb8a7469632dd4d,0xbe274710bf3d9567e1b290ef6a5f9f90ca016fd8,4663,18,ASSET_STATUS_ACTIVE,1.000000000000000000,,0,1,0,Error: HTTP 429,https://cdn.robinhood.com/ncw_assets/logos/0xbe274710bf3d9567e1b290ef6a5f9f90ca016fd8.png
SIMO,Silicon Motion • Robinhood Token,US82706C1080,0x000000000000000000000000000000006f1951b0f7c348a480d9c135679778f7,0x77e655e37f4d913fb9540e0d541d824171a60e81,4663,18,ASSET_STATUS_ACTIVE,1.000000000000000000,,0,1,11,OK,https://cdn.robinhood.com/ncw_assets/logos/0x77e655e37f4d913fb9540e0d541d824171a60e81.png
SKHY,SK hynix Inc. American Depositary Shares • Robinhood Token,US78392B2060,0x000000000000000000000000000000002b98fc3881db4479b3827d5ca058d31a,0x84cab63bc87912e71ad199ff14a0ba45de68fef8,4663,18,ASSET_STATUS_ACTIVE,1.000000000000000000,,0,4,11,OK,https://cdn.robinhood.com/ncw_assets/logos/0x84cab63bc87912e71ad199ff14a0ba45de68fef8.png
SLS,SELLAS Life Sciences • Robinhood Token,US81642T2096,0x000000000000000000000000000000008a8af3575ac442b8ab46c2d966b2107d,0x285b231728c7e4333799183df1094d775246a535,4663,18,ASSET_STATUS_ACTIVE,1.000000000000000000,,0,1,6,OK,https://cdn.robinhood.com/ncw_assets/logos/0x285b231728c7e4333799183df1094d775246a535.png
SLV,iShares Silver Trust • Robinhood Token,US46428Q1094,0x00000000000000000000000000000000ddf030d4e25046cab85b3d8c7cd86553,0x411efb0e7f985935daec3d4c3ebaea0d0ad7d89f,4663,18,ASSET_STATUS_ACTIVE,1.000000000000000000,,0,2,0,Error: HTTP 429,https://cdn.robinhood.com/ncw_assets/logos/0x411efb0e7f985935daec3d4c3ebaea0d0ad7d89f.png
SMCI,Super Micro Computer • Robinhood Token,US86800U3023,0x000000000000000000000000000000000cfe41021541408ab92f19e6af2fa729,0xc01aa1fecec0605b13bc84874ff7256c0f5f562a,4663,18,ASSET_STATUS_ACTIVE,1.000000000000000000,,0,1,12,OK,https://cdn.robinhood.com/ncw_assets/logos/0xc01aa1fecec0605b13bc84874ff7256c0f5f562a.png
SMH,VanEck Semiconductor ETF • Robinhood Token,US92189F6768,0x000000000000000000000000000000008f38b46a1c554840a92533677cce89ad,0x072f979c2cac8e1391b0162a87fee094bf8744a0,4663,18,ASSET_STATUS_ACTIVE,1.000000000000000000,,0,1,7,OK,https://cdn.robinhood.com/ncw_assets/logos/0x072f979c2cac8e1391b0162a87fee094bf8744a0.png
SMR,NuScale Power • Robinhood Token,US67079K1007,0x00000000000000000000000000000000a12860406ce84eb098e3861878aaf584,0x1eebee7f74517e0279dfb09d25b0407beec3fdd6,4663,18,ASSET_STATUS_ACTIVE,1.000000000000000000,,0,1,0,Error: HTTP 429,https://cdn.robinhood.com/ncw_assets/logos/0x1eebee7f74517e0279dfb09d25b0407beec3fdd6.png
SNAP,Snap • Robinhood Token,US83304A1060,0x000000000000000000000000000000002993bb34578a4b92b8addda0fc4d697b,0xf6589f11bc40b669e584073f428b05562f568733,4663,18,ASSET_STATUS_ACTIVE,1.000000000000000000,,0,2,26,OK,https://cdn.robinhood.com/ncw_assets/logos/0xf6589f11bc40b669e584073f428b05562f568733.png
SNDK,Sandisk Corporation • Robinhood Token,US80004C2008,0x0000000000000000000000000000000046e46cc63fe842ebbdfe6187bda403d6,0xb90a19ff0af67f7779aff50a882a9cff42446400,4663,18,ASSET_STATUS_ACTIVE,1.000000000000000000,,0,4,19,OK,https://cdn.robinhood.com/ncw_assets/logos/0xb90a19ff0af67f7779aff50a882a9cff42446400.png
SNOW,Snowflake • Robinhood Token,US8334451098,0x000000000000000000000000000000002087239447ce4fcb8c6194c8941d287c,0xba0cab75495255d0cb58e22b648bfed4ecd1f47e,4663,18,ASSET_STATUS_ACTIVE,1.000000000000000000,,0,1,13,OK,https://cdn.robinhood.com/ncw_assets/logos/0xba0cab75495255d0cb58e22b648bfed4ecd1f47e.png
SOFI,SoFi Technologies • Robinhood Token,US83406F1021,0x00000000000000000000000000000000df2cb1370b1b41a8b896a706fefae931,0x98e75885157c80992a8d41b696d8c9c6fb30a926,4663,18,ASSET_STATUS_ACTIVE,1.000000000000000000,,0,1,0,Error: HTTP 429,https://cdn.robinhood.com/ncw_assets/logos/0x98e75885157c80992a8d41b696d8c9c6fb30a926.png
SOUN,SoundHound AI • Robinhood Token,US8361001071,0x00000000000000000000000000000000a153b6084a5743dfa4e4264b02cc0737,0x6e3dfd9f7e1649baa14d25cac18c94d62db10a54,4663,18,ASSET_STATUS_ACTIVE,1.000000000000000000,,0,3,0,Error: HTTP 429,https://cdn.robinhood.com/ncw_assets/logos/0x6e3dfd9f7e1649baa14d25cac18c94d62db10a54.png
SOXX,iShares Semiconductor ETF • Robinhood Token,US4642875235,0x00000000000000000000000000000000f379ff90efb54b4cb6280fc923e38926,0x75742c18bc1f1c5c5f448f4c9d9c6f66dafaaa38,4663,18,ASSET_STATUS_ACTIVE,1.000000000000000000,,0,1,0,Error: HTTP 429,https://cdn.robinhood.com/ncw_assets/logos/0x75742c18bc1f1c5c5f448f4c9d9c6f66dafaaa38.png
SPCX,Space Exploration Technologies Corp. Class A Common Stock • Robinhood Token,US84615Q1031,0x000000000000000000000000000000001aa9c9cc0bf34c5e95cfe7168463d310,0x4a0e65a3eccec6dbe60ae065f2e7bb85fae35eea,4663,18,ASSET_STATUS_ACTIVE,1.000000000000000000,,2,8,27,OK,https://cdn.robinhood.com/ncw_assets/logos/0x4a0e65a3eccec6dbe60ae065f2e7bb85fae35eea.png
SPMO,Invesco S&P 500 Momentum ETF • Robinhood Token,US46138E3392,0x00000000000000000000000000000000eefd305f8fd04bdb882b158b0b30d776,0xad622320e520de39e72d41ef07438c3fd3354875,4663,18,ASSET_STATUS_ACTIVE,1.000000000000000000,,0,1,0,Error: HTTP 429,https://cdn.robinhood.com/ncw_assets/logos/0xad622320e520de39e72d41ef07438c3fd3354875.png
SPY,SPDR S&P 500 ETF Trust • Robinhood Token,US78462F1030,0x000000000000000000000000000000001c6f27a62789417d8ed359ed3c2d3da1,0x117cc2133c37b721f49de2a7a74833232b3b4c0c,4663,18,ASSET_STATUS_ACTIVE,1.000000000000000000,,1,3,18,OK,https://cdn.robinhood.com/ncw_assets/logos/0x117cc2133c37b721f49de2a7a74833232b3b4c0c.png
TE,T1 Energy • Robinhood Token,US35834F1049,0x00000000000000000000000000000000b7d8350ca5a94c8f999bcee3b17c079d,0xb1969f6604ca1ae7a2cd3f1827876e914594ca2d,4663,18,ASSET_STATUS_ACTIVE,1.000000000000000000,,0,1,0,Error: HTTP 429,https://cdn.robinhood.com/ncw_assets/logos/0xb1969f6604ca1ae7a2cd3f1827876e914594ca2d.png
TEAM,Atlassian Corporation • Robinhood Token,US0494681010,0x0000000000000000000000000000000007a456595d454eafba36fa1fb508973e,0x5b97476b922f3305131b8f0b9d333172e87f4aae,4663,18,ASSET_STATUS_ACTIVE,1.000000000000000000,,0,1,7,OK,https://cdn.robinhood.com/ncw_assets/logos/0x5b97476b922f3305131b8f0b9d333172e87f4aae.png
TEM,Tempus AI • Robinhood Token,US88023B1035,0x000000000000000000000000000000006ae9a2c6d30a4d379e93169d2441876b,0xb1cc0ec7db69cf43539119814df40071b9d61793,4663,18,ASSET_STATUS_ACTIVE,1.000000000000000000,,0,1,4,OK,https://cdn.robinhood.com/ncw_assets/logos/0xb1cc0ec7db69cf43539119814df40071b9d61793.png
TER,Teradyne • Robinhood Token,US8807701029,0x000000000000000000000000000000007dadfeb7f65f49fb9fb1bc94bbbf2d1e,0x2778c5024d5ca2cdb0f8ead671ffc69963adcd9c,4663,18,ASSET_STATUS_ACTIVE,1.000000000000000000,,0,1,8,OK,https://cdn.robinhood.com/ncw_assets/logos/0x2778c5024d5ca2cdb0f8ead671ffc69963adcd9c.png
TSEM,Tower Semiconductor • Robinhood Token,IL0010823792,0x0000000000000000000000000000000036e64f28008640f9ab10ed949faf23b2,0x89776d4cd68193597a2fc132cfac1fde36ccea8a,4663,18,ASSET_STATUS_ACTIVE,1.000000000000000000,,0,1,3,OK,https://cdn.robinhood.com/ncw_assets/logos/0x89776d4cd68193597a2fc132cfac1fde36ccea8a.png
TSLA,Tesla • Robinhood Token,US88160R1014,0x00000000000000000000000000000000cfece3244ea34bb29414dd9488b32d9f,0x322f0929c4625ed5bad873c95208d54e1c003b2d,4663,18,ASSET_STATUS_ACTIVE,1.000000000000000000,,1,5,0,Error: HTTP 429,https://cdn.robinhood.com/ncw_assets/logos/0x322f0929c4625ed5bad873c95208d54e1c003b2d.png
TSM,Taiwan Semiconductor Manufacturing • Robinhood Token,US8740391003,0x000000000000000000000000000000002e890a0884474abd86ba66b19722e827,0x58ffe4a942d3885baa22d7520691f611ef09e7aa,4663,18,ASSET_STATUS_ACTIVE,1.000000000000000000,,0,4,17,OK,https://cdn.robinhood.com/ncw_assets/logos/0x58ffe4a942d3885baa22d7520691f611ef09e7aa.png
TTD,Trade Desk • Robinhood Token,US88339J1051,0x00000000000000000000000000000000e2f7326613594997b83c3fa7c2e63d70,0x0b5fb4031cae9163db10b169ee72685f0edc8545,4663,18,ASSET_STATUS_ACTIVE,1.000000000000000000,,0,1,0,Error: HTTP 429,https://cdn.robinhood.com/ncw_assets/logos/0x0b5fb4031cae9163db10b169ee72685f0edc8545.png
TTWO,Take-Two Interactive Software • Robinhood Token,US8740541094,0x0000000000000000000000000000000032d0504fcc1a48ff8ac9b29185578559,0x5e81213613b6b86eab4c6c50d718d34359459786,4663,18,ASSET_STATUS_ACTIVE,1.000000000000000000,,0,4,28,OK,https://cdn.robinhood.com/ncw_assets/logos/0x5e81213613b6b86eab4c6c50d718d34359459786.png
UMC,United Microelectronics • Robinhood Token,US9108734057,0x00000000000000000000000000000000bb970311792440cebde7cef41f80d446,0x0e6e67ba88e7b5d9b67636a215c76779b948de79,4663,18,ASSET_STATUS_ACTIVE,1.000000000000000000,,0,1,0,Error: HTTP 429,https://cdn.robinhood.com/ncw_assets/logos/0x0e6e67ba88e7b5d9b67636a215c76779b948de79.png
UNH,UnitedHealth • Robinhood Token,US91324P1021,0x000000000000000000000000000000006d5054df7b5d4f8f8a11cc01084242e7,0xcf364ea52787e289de6f32077834056e3e70d6a8,4663,18,ASSET_STATUS_ACTIVE,1.000000000000000000,,0,1,9,OK,https://cdn.robinhood.com/ncw_assets/logos/0xcf364ea52787e289de6f32077834056e3e70d6a8.png
UPS,UPS • Robinhood Token,US9113121068,0x00000000000000000000000000000000413cbb2a5e924576a297ccb67c272298,0xf23250dac154d05bb671cb0d0ebef3c635c79ce2,4663,18,ASSET_STATUS_ACTIVE,1.002208724969205741,,0,2,10,OK,https://cdn.robinhood.com/ncw_assets/logos/0xf23250dac154d05bb671cb0d0ebef3c635c79ce2.png
USAR,USA Rare Earth • Robinhood Token,US91733P1075,0x0000000000000000000000000000000051d8408eb0484cb6bd003337551fddd5,0xd917b029c761d264c6a312bbbcda868658ef86a6,4663,18,ASSET_STATUS_ACTIVE,1.000000000000000000,,0,3,10,OK,https://cdn.robinhood.com/ncw_assets/logos/0xd917b029c761d264c6a312bbbcda868658ef86a6.png
USO,United States Oil Fund • Robinhood Token,US91232N2071,0x00000000000000000000000000000000949bd039a8ae465d9cf9336068188b55,0xa30fa36db767ad9ed3f7a60fc79526fb4d56d344,4663,18,ASSET_STATUS_ACTIVE,1.000000000000000000,,0,2,12,OK,https://cdn.robinhood.com/ncw_assets/logos/0xa30fa36db767ad9ed3f7a60fc79526fb4d56d344.png
VICR,Vicor • Robinhood Token,US9258151029,0x0000000000000000000000000000000034a1e548dfdc4b7cbf162648f20ccffc,0x6006ed4b2f94110851ff7509d97d034f0eed9226,4663,18,ASSET_STATUS_ACTIVE,1.000000000000000000,,0,1,4,OK,https://cdn.robinhood.com/ncw_assets/logos/0x6006ed4b2f94110851ff7509d97d034f0eed9226.png
VRT,Vertiv • Robinhood Token,US92537N1081,0x000000000000000000000000000000008f9ceee3a7954365bdd32ff0094d9b0f,0xfa78c12e6488814a0262e4e802749a4a737d5fb7,4663,18,ASSET_STATUS_ACTIVE,1.000000000000000000,,0,1,7,OK,https://cdn.robinhood.com/ncw_assets/logos/0xfa78c12e6488814a0262e4e802749a4a737d5fb7.png
VSAT,ViaSat • Robinhood Token,US92552V1008,0x00000000000000000000000000000000d3de17a58c1a4b58bd07bef4b9123e7f,0x26dcbfb34fc83cabd6990f449674efdc6097ff85,4663,18,ASSET_STATUS_ACTIVE,1.000000000000000000,,0,1,0,Error: HTTP 429,https://cdn.robinhood.com/ncw_assets/logos/0x26dcbfb34fc83cabd6990f449674efdc6097ff85.png
VST,Vistra • Robinhood Token,US92840M1027,0x0000000000000000000000000000000051fd963e99794a83a5e429d05ddc0347,0x561e2a49212b7ccf47f2744ccb83e200722fadbc,4663,18,ASSET_STATUS_ACTIVE,1.000000000000000000,,0,1,3,OK,https://cdn.robinhood.com/ncw_assets/logos/0x561e2a49212b7ccf47f2744ccb83e200722fadbc.png
VTI,Vanguard Morningstar Total Stock Market ETF • Robinhood Token,US9229087690,0x000000000000000000000000000000007bf2fcc61eea41048648bcfbe4066b63,0x0594134df3f171a354d9c85ebd65b7a6148f6d09,4663,18,ASSET_STATUS_ACTIVE,1.000000000000000000,,0,1,5,OK,https://cdn.robinhood.com/ncw_assets/logos/0x0594134df3f171a354d9c85ebd65b7a6148f6d09.png
WDAY,Workday • Robinhood Token,US98138H1014,0x000000000000000000000000000000001805c8a4eb1a4b3fa49e2698c0da6baa,0x82da4646242e1d962e96e932269dc644c94a9caa,4663,18,ASSET_STATUS_ACTIVE,1.000000000000000000,,0,1,22,OK,https://cdn.robinhood.com/ncw_assets/logos/0x82da4646242e1d962e96e932269dc644c94a9caa.png
WDC,Western Digital • Robinhood Token,US9581021055,0x000000000000000000000000000000007001c5951f374630b5f3f52fd1ff2022,0xf52597345a8edf418bc4071b4a35112472277d3e,4663,18,ASSET_STATUS_ACTIVE,1.000000000000000000,,0,1,4,OK,https://cdn.robinhood.com/ncw_assets/logos/0xf52597345a8edf418bc4071b4a35112472277d3e.png
WULF,TeraWulf • Robinhood Token,US88080T1043,0x00000000000000000000000000000000e0c9d26f234a467fa738e2642dd815ca,0x348be1a8663f15edde5cdf8a96bb69078f7ab6fd,4663,18,ASSET_STATUS_ACTIVE,1.000000000000000000,,0,1,0,Error: HTTP 429,https://cdn.robinhood.com/ncw_assets/logos/0x348be1a8663f15edde5cdf8a96bb69078f7ab6fd.png
WYFI,"WhiteFiber, Inc. • Robinhood Token",KYG961151035,0x0000000000000000000000000000000025191a136aab4e5fa41b67ec3218a093,0x9e7abd3c9139d14e4c86dce0e455aab7a0c2fb3e,4663,18,ASSET_STATUS_ACTIVE,1.000000000000000000,,0,3,20,OK,https://cdn.robinhood.com/ncw_assets/logos/0x9e7abd3c9139d14e4c86dce0e455aab7a0c2fb3e.png
XLK,State Street Technology Select Sector SPDR ETF • Robinhood Token,US81369Y8030,0x000000000000000000000000000000008ffcea951a5b43138e764a75e22284f9,0x15cd20759ce7f3285c29a319de2d1a2e098c6f43,4663,18,ASSET_STATUS_ACTIVE,1.000000000000000000,,0,1,9,OK,https://cdn.robinhood.com/ncw_assets/logos/0x15cd20759ce7f3285c29a319de2d1a2e098c6f43.png
XNDU,Xanadu Quantum • Robinhood Token,CA98390R1029,0x00000000000000000000000000000000d491ee29c5564368830ce787289dcae8,0xa8eb3bccbf2017ee7cbfb652eb51cf2e1b153289,4663,18,ASSET_STATUS_ACTIVE,1.000000000000000000,,0,1,0,Error: HTTP 429,https://cdn.robinhood.com/ncw_assets/logos/0xa8eb3bccbf2017ee7cbfb652eb51cf2e1b153289.png
XOM,ExxonMobil Holdings Corporation • Robinhood Token,US30233Q1085,0x0000000000000000000000000000000098d983331a5245e98847e635b93eb920,0xf9b46d3d1b22199d4d1025a9cedb540a33f1a2d5,4663,18,ASSET_STATUS_ACTIVE,1.000000000000000000,,0,2,14,OK,https://cdn.robinhood.com/ncw_assets/logos/0xf9b46d3d1b22199d4d1025a9cedb540a33f1a2d5.png
ZM,Zoom • Robinhood Token,US98980L1017,0x00000000000000000000000000000000da64fede272447a3b772423f0962a984,0x44c4f142009036cf477ed2d09932051843137cf1,4663,18,ASSET_STATUS_ACTIVE,1.000000000000000000,,0,1,0,Error: HTTP 429,https://cdn.robinhood.com/ncw_assets/logos/0x44c4f142009036cf477ed2d09932051843137cf1.png
ZS,Zscaler • Robinhood Token,US98980G1022,0x00000000000000000000000000000000968cee5f446f422d876c7661ff20b373,0x7dc013eb55e436f30d7ed1afe4e36d6e45e3c3f7,4663,18,ASSET_STATUS_ACTIVE,1.000000000000000000,,0,1,7,OK,https://cdn.robinhood.com/ncw_assets/logos/0x7dc013eb55e436f30d7ed1afe4e36d6e45e3c3f7.png
